prompt,label,distractor,condition_sentence,condition_distractor,condition_question,distractor_value,subject_value,question_center
"The banker that the barber praised climbed the mountain just outside of town before it snowed. Therefore, the [MASK] climbed the mountain.",banker,barber,subject_extracted,definite_description,matrix_verb,The barber,The banker,subject
"The banker that you praised climbed the mountain just outside of town before it snowed. Therefore, the [MASK] climbed the mountain.",banker,you,subject_extracted,indexical_pronoun,matrix_verb,You,The banker,subject
"The banker that Sue praised climbed the mountain just outside of town before it snowed. Therefore, the [MASK] climbed the mountain.",banker,Sue,subject_extracted,name,matrix_verb,Sue,The banker,subject
"The banker that the barber praised climbed the mountain just outside of town before it snowed. Therefore, the [MASK] praised the banker.",barber,banker,subject_extracted,definite_description,embedded_verb,The barber,The banker,distractor
"The banker that you praised climbed the mountain just outside of town before it snowed. Therefore, [MASK] praised the banker.",you,banker,subject_extracted,indexical_pronoun,embedded_verb,You,The banker,distractor
"The banker that Sue praised climbed the mountain just outside of town before it snowed. Therefore, [MASK] praised the banker.",Sue,banker,subject_extracted,name,embedded_verb,Sue,The banker,distractor
"The banker that praised the barber climbed the mountain just outside of town before it snowed. Therefore, the [MASK] climbed the mountain.",banker,barber,object_extracted,definite_description,matrix_verb,The barber,The banker,subject
"The banker that praised you climbed the mountain just outside of town before it snowed. Therefore, the [MASK] climbed the mountain.",banker,you,object_extracted,indexical_pronoun,matrix_verb,You,The banker,subject
"The banker that praised Sue climbed the mountain just outside of town before it snowed. Therefore, the [MASK] climbed the mountain.",banker,Sue,object_extracted,name,matrix_verb,Sue,The banker,subject
"The banker that praised the barber climbed the mountain just outside of town before it snowed. Therefore, the [MASK] praised the barber.",banker,barber,object_extracted,definite_description,embedded_verb,The barber,The banker,subject
"The banker that praised you climbed the mountain just outside of town before it snowed. Therefore, the [MASK] praised you.",banker,you,object_extracted,indexical_pronoun,embedded_verb,You,The banker,subject
"The banker that praised Sue climbed the mountain just outside of town before it snowed. Therefore, the [MASK] praised Sue.",banker,Sue,object_extracted,name,embedded_verb,Sue,The banker,subject
"The dancer that the reporter phoned cooked the pork chops in their own juices on New Year's Eve. Therefore, the [MASK] cooked the pork chops.",dancer,reporter,subject_extracted,definite_description,matrix_verb,The reporter,The dancer,subject
"The dancer that you phoned cooked the pork chops in their own juices on New Year's Eve. Therefore, the [MASK] cooked the pork chops.",dancer,you,subject_extracted,indexical_pronoun,matrix_verb,You,The dancer,subject
"The dancer that Ann phoned cooked the pork chops in their own juices on New Year's Eve. Therefore, the [MASK] cooked the pork chops.",dancer,Ann,subject_extracted,name,matrix_verb,Ann,The dancer,subject
"The dancer that the reporter phoned cooked the pork chops in their own juices on New Year's Eve. Therefore, the [MASK] phoned the dancer.",reporter,dancer,subject_extracted,definite_description,embedded_verb,The reporter,The dancer,distractor
"The dancer that you phoned cooked the pork chops in their own juices on New Year's Eve. Therefore, [MASK] phoned the dancer.",you,dancer,subject_extracted,indexical_pronoun,embedded_verb,You,The dancer,distractor
"The dancer that Ann phoned cooked the pork chops in their own juices on New Year's Eve. Therefore, [MASK] phoned the dancer.",Ann,dancer,subject_extracted,name,embedded_verb,Ann,The dancer,distractor
"The dancer that phoned the reporter cooked the pork chops in their own juices on New Year's Eve. Therefore, the [MASK] cooked the pork chops.",dancer,reporter,object_extracted,definite_description,matrix_verb,The reporter,The dancer,subject
"The dancer that phoned you cooked the pork chops in their own juices on New Year's Eve. Therefore, the [MASK] cooked the pork chops.",dancer,you,object_extracted,indexical_pronoun,matrix_verb,You,The dancer,subject
"The dancer that phoned Ann cooked the pork chops in their own juices on New Year's Eve. Therefore, the [MASK] cooked the pork chops.",dancer,Ann,object_extracted,name,matrix_verb,Ann,The dancer,subject
"The dancer that phoned the reporter cooked the pork chops in their own juices on New Year's Eve. Therefore, the [MASK] phoned the reporter.",dancer,reporter,object_extracted,definite_description,embedded_verb,The reporter,The dancer,subject
"The dancer that phoned you cooked the pork chops in their own juices on New Year's Eve. Therefore, the [MASK] phoned you.",dancer,you,object_extracted,indexical_pronoun,embedded_verb,You,The dancer,subject
"The dancer that phoned Ann cooked the pork chops in their own juices on New Year's Eve. Therefore, the [MASK] phoned Ann.",dancer,Ann,object_extracted,name,embedded_verb,Ann,The dancer,subject
"The architect that the fireman liked dominated the conversation while the game was on television. Therefore, the [MASK] dominated the conversation.",architect,fireman,subject_extracted,definite_description,matrix_verb,The fireman,The architect,subject
"The architect that you liked dominated the conversation while the game was on television. Therefore, the [MASK] dominated the conversation.",architect,you,subject_extracted,indexical_pronoun,matrix_verb,You,The architect,subject
"The architect that Wes liked dominated the conversation while the game was on television. Therefore, the [MASK] dominated the conversation.",architect,Wes,subject_extracted,name,matrix_verb,Wes,The architect,subject
"The architect that the fireman liked dominated the conversation while the game was on television. Therefore, the [MASK] liked the architect.",fireman,architect,subject_extracted,definite_description,embedded_verb,The fireman,The architect,distractor
"The architect that you liked dominated the conversation while the game was on television. Therefore, [MASK] liked the architect.",you,architect,subject_extracted,indexical_pronoun,embedded_verb,You,The architect,distractor
"The architect that Wes liked dominated the conversation while the game was on television. Therefore, [MASK] liked the architect.",Wes,architect,subject_extracted,name,embedded_verb,Wes,The architect,distractor
"The architect that liked the fireman dominated the conversation while the game was on television. Therefore, the [MASK] dominated the conversation.",architect,fireman,object_extracted,definite_description,matrix_verb,The fireman,The architect,subject
"The architect that liked you dominated the conversation while the game was on television. Therefore, the [MASK] dominated the conversation.",architect,you,object_extracted,indexical_pronoun,matrix_verb,You,The architect,subject
"The architect that liked Wes dominated the conversation while the game was on television. Therefore, the [MASK] dominated the conversation.",architect,Wes,object_extracted,name,matrix_verb,Wes,The architect,subject
"The architect that liked the fireman dominated the conversation while the game was on television. Therefore, the [MASK] liked the fireman.",architect,fireman,object_extracted,definite_description,embedded_verb,The fireman,The architect,subject
"The architect that liked you dominated the conversation while the game was on television. Therefore, the [MASK] liked you.",architect,you,object_extracted,indexical_pronoun,embedded_verb,You,The architect,subject
"The architect that liked Wes dominated the conversation while the game was on television. Therefore, the [MASK] liked Wes.",architect,Wes,object_extracted,name,embedded_verb,Wes,The architect,subject
"The waiter that the broker despised drove the sports car home from work that evening. Therefore, the [MASK] drove the sports car home.",waiter,broker,subject_extracted,definite_description,matrix_verb,The broker,The waiter,subject
"The waiter that you despised drove the sports car home from work that evening. Therefore, the [MASK] drove the sports car home.",waiter,you,subject_extracted,indexical_pronoun,matrix_verb,You,The waiter,subject
"The waiter that Jan despised drove the sports car home from work that evening. Therefore, the [MASK] drove the sports car home.",waiter,Jan,subject_extracted,name,matrix_verb,Jan,The waiter,subject
"The waiter that the broker despised drove the sports car home from work that evening. Therefore, the [MASK] despised the waiter.",broker,waiter,subject_extracted,definite_description,embedded_verb,The broker,The waiter,distractor
"The waiter that you despised drove the sports car home from work that evening. Therefore, [MASK] despised the waiter.",you,waiter,subject_extracted,indexical_pronoun,embedded_verb,You,The waiter,distractor
"The waiter that Jan despised drove the sports car home from work that evening. Therefore, [MASK] despised the waiter.",Jan,waiter,subject_extracted,name,embedded_verb,Jan,The waiter,distractor
"The waiter that despised the broker drove the sports car home from work that evening. Therefore, the [MASK] drove the sports car home.",waiter,broker,object_extracted,definite_description,matrix_verb,The broker,The waiter,subject
"The waiter that despised you drove the sports car home from work that evening. Therefore, the [MASK] drove the sports car home.",waiter,you,object_extracted,indexical_pronoun,matrix_verb,You,The waiter,subject
"The waiter that despised Jan drove the sports car home from work that evening. Therefore, the [MASK] drove the sports car home.",waiter,Jan,object_extracted,name,matrix_verb,Jan,The waiter,subject
"The waiter that despised the broker drove the sports car home from work that evening. Therefore, the [MASK] despised the broker.",waiter,broker,object_extracted,definite_description,embedded_verb,The broker,The waiter,subject
"The waiter that despised you drove the sports car home from work that evening. Therefore, the [MASK] despised you.",waiter,you,object_extracted,indexical_pronoun,embedded_verb,You,The waiter,subject
"The waiter that despised Jan drove the sports car home from work that evening. Therefore, the [MASK] despised Jan.",waiter,Jan,object_extracted,name,embedded_verb,Jan,The waiter,subject
"The detective that the secretary disliked clipped the coupons out with the dull scissors. Therefore, the [MASK] clipped the coupons out.",detective,secretary,subject_extracted,definite_description,matrix_verb,The secretary,The detective,subject
"The detective that you disliked clipped the coupons out with the dull scissors. Therefore, the [MASK] clipped the coupons out.",detective,you,subject_extracted,indexical_pronoun,matrix_verb,You,The detective,subject
"The detective that Ted disliked clipped the coupons out with the dull scissors. Therefore, the [MASK] clipped the coupons out.",detective,Ted,subject_extracted,name,matrix_verb,Ted,The detective,subject
"The detective that the secretary disliked clipped the coupons out with the dull scissors. Therefore, the [MASK] disliked the detective.",secretary,detective,subject_extracted,definite_description,embedded_verb,The secretary,The detective,distractor
"The detective that you disliked clipped the coupons out with the dull scissors. Therefore, [MASK] disliked the detective.",you,detective,subject_extracted,indexical_pronoun,embedded_verb,You,The detective,distractor
"The detective that Ted disliked clipped the coupons out with the dull scissors. Therefore, [MASK] disliked the detective.",Ted,detective,subject_extracted,name,embedded_verb,Ted,The detective,distractor
"The detective that disliked the secretary clipped the coupons out with the dull scissors. Therefore, the [MASK] clipped the coupons out.",detective,secretary,object_extracted,definite_description,matrix_verb,The secretary,The detective,subject
"The detective that disliked you clipped the coupons out with the dull scissors. Therefore, the [MASK] clipped the coupons out.",detective,you,object_extracted,indexical_pronoun,matrix_verb,You,The detective,subject
"The detective that disliked Ted clipped the coupons out with the dull scissors. Therefore, the [MASK] clipped the coupons out.",detective,Ted,object_extracted,name,matrix_verb,Ted,The detective,subject
"The detective that disliked the secretary clipped the coupons out with the dull scissors. Therefore, the [MASK] disliked the secretary.",detective,secretary,object_extracted,definite_description,embedded_verb,The secretary,The detective,subject
"The detective that disliked you clipped the coupons out with the dull scissors. Therefore, the [MASK] disliked you.",detective,you,object_extracted,indexical_pronoun,embedded_verb,You,The detective,subject
"The detective that disliked Ted clipped the coupons out with the dull scissors. Therefore, the [MASK] disliked Ted.",detective,Ted,object_extracted,name,embedded_verb,Ted,The detective,subject
"The judge that the doctor ignored watched the special about Colombian drug dealers on the nightly news. Therefore, the [MASK] watched the special about Colombian drug dealers.",judge,doctor,subject_extracted,definite_description,matrix_verb,The doctor,The judge,subject
"The judge that you ignored watched the special about Colombian drug dealers on the nightly news. Therefore, the [MASK] watched the special about Colombian drug dealers.",judge,you,subject_extracted,indexical_pronoun,matrix_verb,You,The judge,subject
"The judge that Tom ignored watched the special about Colombian drug dealers on the nightly news. Therefore, the [MASK] watched the special about Colombian drug dealers.",judge,Tom,subject_extracted,name,matrix_verb,Tom,The judge,subject
"The judge that the doctor ignored watched the special about Colombian drug dealers on the nightly news. Therefore, the [MASK] ignored the judge.",doctor,judge,subject_extracted,definite_description,embedded_verb,The doctor,The judge,distractor
"The judge that you ignored watched the special about Colombian drug dealers on the nightly news. Therefore, [MASK] ignored the judge.",you,judge,subject_extracted,indexical_pronoun,embedded_verb,You,The judge,distractor
"The judge that Tom ignored watched the special about Colombian drug dealers on the nightly news. Therefore, [MASK] ignored the judge.",Tom,judge,subject_extracted,name,embedded_verb,Tom,The judge,distractor
"The judge that ignored the doctor watched the special about Colombian drug dealers on the nightly news. Therefore, the [MASK] watched the special about Colombian drug dealers.",judge,doctor,object_extracted,definite_description,matrix_verb,The doctor,The judge,subject
"The judge that ignored you watched the special about Colombian drug dealers on the nightly news. Therefore, the [MASK] watched the special about Colombian drug dealers.",judge,you,object_extracted,indexical_pronoun,matrix_verb,You,The judge,subject
"The judge that ignored Tom watched the special about Colombian drug dealers on the nightly news. Therefore, the [MASK] watched the special about Colombian drug dealers.",judge,Tom,object_extracted,name,matrix_verb,Tom,The judge,subject
"The judge that ignored the doctor watched the special about Colombian drug dealers on the nightly news. Therefore, the [MASK] ignored the doctor.",judge,doctor,object_extracted,definite_description,embedded_verb,The doctor,The judge,subject
"The judge that ignored you watched the special about Colombian drug dealers on the nightly news. Therefore, the [MASK] ignored you.",judge,you,object_extracted,indexical_pronoun,embedded_verb,You,The judge,subject
"The judge that ignored Tom watched the special about Colombian drug dealers on the nightly news. Therefore, the [MASK] ignored Tom.",judge,Tom,object_extracted,name,embedded_verb,Tom,The judge,subject
"The robber that the mailman insulted read the newspaper article about the fire. Therefore, the [MASK] read the newspaper article.",robber,mailman,subject_extracted,definite_description,matrix_verb,The mailman,The robber,subject
"The robber that you insulted read the newspaper article about the fire. Therefore, the [MASK] read the newspaper article.",robber,you,subject_extracted,indexical_pronoun,matrix_verb,You,The robber,subject
"The robber that Sam insulted read the newspaper article about the fire. Therefore, the [MASK] read the newspaper article.",robber,Sam,subject_extracted,name,matrix_verb,Sam,The robber,subject
"The robber that the mailman insulted read the newspaper article about the fire. Therefore, the [MASK] insulted the robber.",mailman,robber,subject_extracted,definite_description,embedded_verb,The mailman,The robber,distractor
"The robber that you insulted read the newspaper article about the fire. Therefore, [MASK] insulted the robber.",you,robber,subject_extracted,indexical_pronoun,embedded_verb,You,The robber,distractor
"The robber that Sam insulted read the newspaper article about the fire. Therefore, [MASK] insulted the robber.",Sam,robber,subject_extracted,name,embedded_verb,Sam,The robber,distractor
"The robber that insulted the mailman read the newspaper article about the fire. Therefore, the [MASK] read the newspaper article.",robber,mailman,object_extracted,definite_description,matrix_verb,The mailman,The robber,subject
"The robber that insulted you read the newspaper article about the fire. Therefore, the [MASK] read the newspaper article.",robber,you,object_extracted,indexical_pronoun,matrix_verb,You,The robber,subject
"The robber that insulted Sam read the newspaper article about the fire. Therefore, the [MASK] read the newspaper article.",robber,Sam,object_extracted,name,matrix_verb,Sam,The robber,subject
"The robber that insulted the mailman read the newspaper article about the fire. Therefore, the [MASK] insulted the mailman.",robber,mailman,object_extracted,definite_description,embedded_verb,The mailman,The robber,subject
"The robber that insulted you read the newspaper article about the fire. Therefore, the [MASK] insulted you.",robber,you,object_extracted,indexical_pronoun,embedded_verb,You,The robber,subject
"The robber that insulted Sam read the newspaper article about the fire. Therefore, the [MASK] insulted Sam.",robber,Sam,object_extracted,name,embedded_verb,Sam,The robber,subject
"The governor that the comedian admired answered the telephone in the fancy restaurant. Therefore, the [MASK] answered the telephone.",governor,comedian,subject_extracted,definite_description,matrix_verb,The comedian,The governor,subject
"The governor that you admired answered the telephone in the fancy restaurant. Therefore, the [MASK] answered the telephone.",governor,you,subject_extracted,indexical_pronoun,matrix_verb,You,The governor,subject
"The governor that Kay admired answered the telephone in the fancy restaurant. Therefore, the [MASK] answered the telephone.",governor,Kay,subject_extracted,name,matrix_verb,Kay,The governor,subject
"The governor that the comedian admired answered the telephone in the fancy restaurant. Therefore, the [MASK] admired the governor.",comedian,governor,subject_extracted,definite_description,embedded_verb,The comedian,The governor,distractor
"The governor that you admired answered the telephone in the fancy restaurant. Therefore, [MASK] admired the governor.",you,governor,subject_extracted,indexical_pronoun,embedded_verb,You,The governor,distractor
"The governor that Kay admired answered the telephone in the fancy restaurant. Therefore, [MASK] admired the governor.",Kay,governor,subject_extracted,name,embedded_verb,Kay,The governor,distractor
"The governor that admired the comedian answered the telephone in the fancy restaurant. Therefore, the [MASK] answered the telephone.",governor,comedian,object_extracted,definite_description,matrix_verb,The comedian,The governor,subject
"The governor that admired you answered the telephone in the fancy restaurant. Therefore, the [MASK] answered the telephone.",governor,you,object_extracted,indexical_pronoun,matrix_verb,You,The governor,subject
"The governor that admired Kay answered the telephone in the fancy restaurant. Therefore, the [MASK] answered the telephone.",governor,Kay,object_extracted,name,matrix_verb,Kay,The governor,subject
"The governor that admired the comedian answered the telephone in the fancy restaurant. Therefore, the [MASK] admired the comedian.",governor,comedian,object_extracted,definite_description,embedded_verb,The comedian,The governor,subject
"The governor that admired you answered the telephone in the fancy restaurant. Therefore, the [MASK] admired you.",governor,you,object_extracted,indexical_pronoun,embedded_verb,You,The governor,subject
"The governor that admired Kay answered the telephone in the fancy restaurant. Therefore, the [MASK] admired Kay.",governor,Kay,object_extracted,name,embedded_verb,Kay,The governor,subject
"The actor that the director thanked worked in many hit movies before 1990. Therefore, the [MASK] worked in many hit movies.",actor,director,subject_extracted,definite_description,matrix_verb,The director,The actor,subject
"The actor that you thanked worked in many hit movies before 1990. Therefore, the [MASK] worked in many hit movies.",actor,you,subject_extracted,indexical_pronoun,matrix_verb,You,The actor,subject
"The actor that Fay thanked worked in many hit movies before 1990. Therefore, the [MASK] worked in many hit movies.",actor,Fay,subject_extracted,name,matrix_verb,Fay,The actor,subject
"The actor that the director thanked worked in many hit movies before 1990. Therefore, the [MASK] thanked the actor.",director,actor,subject_extracted,definite_description,embedded_verb,The director,The actor,distractor
"The actor that you thanked worked in many hit movies before 1990. Therefore, [MASK] thanked the actor.",you,actor,subject_extracted,indexical_pronoun,embedded_verb,You,The actor,distractor
"The actor that Fay thanked worked in many hit movies before 1990. Therefore, [MASK] thanked the actor.",Fay,actor,subject_extracted,name,embedded_verb,Fay,The actor,distractor
"The actor that thanked the director worked in many hit movies before 1990. Therefore, the [MASK] worked in many hit movies.",actor,director,object_extracted,definite_description,matrix_verb,The director,The actor,subject
"The actor that thanked you worked in many hit movies before 1990. Therefore, the [MASK] worked in many hit movies.",actor,you,object_extracted,indexical_pronoun,matrix_verb,You,The actor,subject
"The actor that thanked Fay worked in many hit movies before 1990. Therefore, the [MASK] worked in many hit movies.",actor,Fay,object_extracted,name,matrix_verb,Fay,The actor,subject
"The actor that thanked the director worked in many hit movies before 1990. Therefore, the [MASK] thanked the director.",actor,director,object_extracted,definite_description,embedded_verb,The director,The actor,subject
"The actor that thanked you worked in many hit movies before 1990. Therefore, the [MASK] thanked you.",actor,you,object_extracted,indexical_pronoun,embedded_verb,You,The actor,subject
"The actor that thanked Fay worked in many hit movies before 1990. Therefore, the [MASK] thanked Fay.",actor,Fay,object_extracted,name,embedded_verb,Fay,The actor,subject
"The poet that the painter inspired wrote an autobiography after their friendship became well known. Therefore, the [MASK] wrote an autobiography.",poet,painter,subject_extracted,definite_description,matrix_verb,The painter,The poet,subject
"The poet that you inspired wrote an autobiography after their friendship became well known. Therefore, the [MASK] wrote an autobiography.",poet,you,subject_extracted,indexical_pronoun,matrix_verb,You,The poet,subject
"The poet that Ben inspired wrote an autobiography after their friendship became well known. Therefore, the [MASK] wrote an autobiography.",poet,Ben,subject_extracted,name,matrix_verb,Ben,The poet,subject
"The poet that the painter inspired wrote an autobiography after their friendship became well known. Therefore, the [MASK] inspired the poet.",painter,poet,subject_extracted,definite_description,embedded_verb,The painter,The poet,distractor
"The poet that you inspired wrote an autobiography after their friendship became well known. Therefore, [MASK] inspired the poet.",you,poet,subject_extracted,indexical_pronoun,embedded_verb,You,The poet,distractor
"The poet that Ben inspired wrote an autobiography after their friendship became well known. Therefore, [MASK] inspired the poet.",Ben,poet,subject_extracted,name,embedded_verb,Ben,The poet,distractor
"The poet that inspired the painter wrote an autobiography after their friendship became well known. Therefore, the [MASK] wrote an autobiography.",poet,painter,object_extracted,definite_description,matrix_verb,The painter,The poet,subject
"The poet that inspired you wrote an autobiography after their friendship became well known. Therefore, the [MASK] wrote an autobiography.",poet,you,object_extracted,indexical_pronoun,matrix_verb,You,The poet,subject
"The poet that inspired Ben wrote an autobiography after their friendship became well known. Therefore, the [MASK] wrote an autobiography.",poet,Ben,object_extracted,name,matrix_verb,Ben,The poet,subject
"The poet that inspired the painter wrote an autobiography after their friendship became well known. Therefore, the [MASK] inspired the painter.",poet,painter,object_extracted,definite_description,embedded_verb,The painter,The poet,subject
"The poet that inspired you wrote an autobiography after their friendship became well known. Therefore, the [MASK] inspired you.",poet,you,object_extracted,indexical_pronoun,embedded_verb,You,The poet,subject
"The poet that inspired Ben wrote an autobiography after their friendship became well known. Therefore, the [MASK] inspired Ben.",poet,Ben,object_extracted,name,embedded_verb,Ben,The poet,subject
"The chef that the cashier distrusted called for help after the restaurant closed. Therefore, the [MASK] called for help.",chef,cashier,subject_extracted,definite_description,matrix_verb,The cashier,The chef,subject
"The chef that you distrusted called for help after the restaurant closed. Therefore, the [MASK] called for help.",chef,you,subject_extracted,indexical_pronoun,matrix_verb,You,The chef,subject
"The chef that Joe distrusted called for help after the restaurant closed. Therefore, the [MASK] called for help.",chef,Joe,subject_extracted,name,matrix_verb,Joe,The chef,subject
"The chef that the cashier distrusted called for help after the restaurant closed. Therefore, the [MASK] distrusted the chef.",cashier,chef,subject_extracted,definite_description,embedded_verb,The cashier,The chef,distractor
"The chef that you distrusted called for help after the restaurant closed. Therefore, [MASK] distrusted the chef.",you,chef,subject_extracted,indexical_pronoun,embedded_verb,You,The chef,distractor
"The chef that Joe distrusted called for help after the restaurant closed. Therefore, [MASK] distrusted the chef.",Joe,chef,subject_extracted,name,embedded_verb,Joe,The chef,distractor
"The chef that distrusted the cashier called for help after the restaurant closed. Therefore, the [MASK] called for help.",chef,cashier,object_extracted,definite_description,matrix_verb,The cashier,The chef,subject
"The chef that distrusted you called for help after the restaurant closed. Therefore, the [MASK] called for help.",chef,you,object_extracted,indexical_pronoun,matrix_verb,You,The chef,subject
"The chef that distrusted Joe called for help after the restaurant closed. Therefore, the [MASK] called for help.",chef,Joe,object_extracted,name,matrix_verb,Joe,The chef,subject
"The chef that distrusted the cashier called for help after the restaurant closed. Therefore, the [MASK] distrusted the cashier.",chef,cashier,object_extracted,definite_description,embedded_verb,The cashier,The chef,subject
"The chef that distrusted you called for help after the restaurant closed. Therefore, the [MASK] distrusted you.",chef,you,object_extracted,indexical_pronoun,embedded_verb,You,The chef,subject
"The chef that distrusted Joe called for help after the restaurant closed. Therefore, the [MASK] distrusted Joe.",chef,Joe,object_extracted,name,embedded_verb,Joe,The chef,subject
"The aunt that the child amused made paper dolls out of the newspaper. Therefore, the [MASK] made paper dolls.",aunt,child,subject_extracted,definite_description,matrix_verb,The child,The aunt,subject
"The aunt that you amused made paper dolls out of the newspaper. Therefore, the [MASK] made paper dolls.",aunt,you,subject_extracted,indexical_pronoun,matrix_verb,You,The aunt,subject
"The aunt that Kim amused made paper dolls out of the newspaper. Therefore, the [MASK] made paper dolls.",aunt,Kim,subject_extracted,name,matrix_verb,Kim,The aunt,subject
"The aunt that the child amused made paper dolls out of the newspaper. Therefore, the [MASK] amused the aunt.",child,aunt,subject_extracted,definite_description,embedded_verb,The child,The aunt,distractor
"The aunt that you amused made paper dolls out of the newspaper. Therefore, [MASK] amused the aunt.",you,aunt,subject_extracted,indexical_pronoun,embedded_verb,You,The aunt,distractor
"The aunt that Kim amused made paper dolls out of the newspaper. Therefore, [MASK] amused the aunt.",Kim,aunt,subject_extracted,name,embedded_verb,Kim,The aunt,distractor
"The aunt that amused the child made paper dolls out of the newspaper. Therefore, the [MASK] made paper dolls.",aunt,child,object_extracted,definite_description,matrix_verb,The child,The aunt,subject
"The aunt that amused you made paper dolls out of the newspaper. Therefore, the [MASK] made paper dolls.",aunt,you,object_extracted,indexical_pronoun,matrix_verb,You,The aunt,subject
"The aunt that amused Kim made paper dolls out of the newspaper. Therefore, the [MASK] made paper dolls.",aunt,Kim,object_extracted,name,matrix_verb,Kim,The aunt,subject
"The aunt that amused the child made paper dolls out of the newspaper. Therefore, the [MASK] amused the child.",aunt,child,object_extracted,definite_description,embedded_verb,The child,The aunt,subject
"The aunt that amused you made paper dolls out of the newspaper. Therefore, the [MASK] amused you.",aunt,you,object_extracted,indexical_pronoun,embedded_verb,You,The aunt,subject
"The aunt that amused Kim made paper dolls out of the newspaper. Therefore, the [MASK] amused Kim.",aunt,Kim,object_extracted,name,embedded_verb,Kim,The aunt,subject
"The violinist that the conductor complimented performed at Carnegie Hall for two weeks. Therefore, the [MASK] performed at Carnegie Hall.",violinist,conductor,subject_extracted,definite_description,matrix_verb,The conductor,The violinist,subject
"The violinist that you complimented performed at Carnegie Hall for two weeks. Therefore, the [MASK] performed at Carnegie Hall.",violinist,you,subject_extracted,indexical_pronoun,matrix_verb,You,The violinist,subject
"The violinist that Max complimented performed at Carnegie Hall for two weeks. Therefore, the [MASK] performed at Carnegie Hall.",violinist,Max,subject_extracted,name,matrix_verb,Max,The violinist,subject
"The violinist that the conductor complimented performed at Carnegie Hall for two weeks. Therefore, the [MASK] complimented the violinist.",conductor,violinist,subject_extracted,definite_description,embedded_verb,The conductor,The violinist,distractor
"The violinist that you complimented performed at Carnegie Hall for two weeks. Therefore, [MASK] complimented the violinist.",you,violinist,subject_extracted,indexical_pronoun,embedded_verb,You,The violinist,distractor
"The violinist that Max complimented performed at Carnegie Hall for two weeks. Therefore, [MASK] complimented the violinist.",Max,violinist,subject_extracted,name,embedded_verb,Max,The violinist,distractor
"The violinist that complimented the conductor performed at Carnegie Hall for two weeks. Therefore, the [MASK] performed at Carnegie Hall.",violinist,conductor,object_extracted,definite_description,matrix_verb,The conductor,The violinist,subject
"The violinist that complimented you performed at Carnegie Hall for two weeks. Therefore, the [MASK] performed at Carnegie Hall.",violinist,you,object_extracted,indexical_pronoun,matrix_verb,You,The violinist,subject
"The violinist that complimented Max performed at Carnegie Hall for two weeks. Therefore, the [MASK] performed at Carnegie Hall.",violinist,Max,object_extracted,name,matrix_verb,Max,The violinist,subject
"The violinist that complimented the conductor performed at Carnegie Hall for two weeks. Therefore, the [MASK] complimented the conductor.",violinist,conductor,object_extracted,definite_description,embedded_verb,The conductor,The violinist,subject
"The violinist that complimented you performed at Carnegie Hall for two weeks. Therefore, the [MASK] complimented you.",violinist,you,object_extracted,indexical_pronoun,embedded_verb,You,The violinist,subject
"The violinist that complimented Max performed at Carnegie Hall for two weeks. Therefore, the [MASK] complimented Max.",violinist,Max,object_extracted,name,embedded_verb,Max,The violinist,subject
"The teacher that the student questioned wrote a long science fiction novel during the summer vacation. Therefore, the [MASK] wrote a science fiction novel.",teacher,student,subject_extracted,definite_description,matrix_verb,The student,The teacher,subject
"The teacher that you questioned wrote a long science fiction novel during the summer vacation. Therefore, the [MASK] wrote a science fiction novel.",teacher,you,subject_extracted,indexical_pronoun,matrix_verb,You,The teacher,subject
"The teacher that Bob questioned wrote a long science fiction novel during the summer vacation. Therefore, the [MASK] wrote a science fiction novel.",teacher,Bob,subject_extracted,name,matrix_verb,Bob,The teacher,subject
"The teacher that the student questioned wrote a long science fiction novel during the summer vacation. Therefore, the [MASK] questioned the teacher.",student,teacher,subject_extracted,definite_description,embedded_verb,The student,The teacher,distractor
"The teacher that you questioned wrote a long science fiction novel during the summer vacation. Therefore, [MASK] questioned the teacher.",you,teacher,subject_extracted,indexical_pronoun,embedded_verb,You,The teacher,distractor
"The teacher that Bob questioned wrote a long science fiction novel during the summer vacation. Therefore, [MASK] questioned the teacher.",Bob,teacher,subject_extracted,name,embedded_verb,Bob,The teacher,distractor
"The teacher that questioned the student wrote a long science fiction novel during the summer vacation. Therefore, the [MASK] wrote a science fiction novel.",teacher,student,object_extracted,definite_description,matrix_verb,The student,The teacher,subject
"The teacher that questioned you wrote a long science fiction novel during the summer vacation. Therefore, the [MASK] wrote a science fiction novel.",teacher,you,object_extracted,indexical_pronoun,matrix_verb,You,The teacher,subject
"The teacher that questioned Bob wrote a long science fiction novel during the summer vacation. Therefore, the [MASK] wrote a science fiction novel.",teacher,Bob,object_extracted,name,matrix_verb,Bob,The teacher,subject
"The teacher that questioned the student wrote a long science fiction novel during the summer vacation. Therefore, the [MASK] questioned the student.",teacher,student,object_extracted,definite_description,embedded_verb,The student,The teacher,subject
"The teacher that questioned you wrote a long science fiction novel during the summer vacation. Therefore, the [MASK] questioned you.",teacher,you,object_extracted,indexical_pronoun,embedded_verb,You,The teacher,subject
"The teacher that questioned Bob wrote a long science fiction novel during the summer vacation. Therefore, the [MASK] questioned Bob.",teacher,Bob,object_extracted,name,embedded_verb,Bob,The teacher,subject
"The editor that the author recommended changed jobs after a new merger was announced. Therefore, the [MASK] changed jobs.",editor,author,subject_extracted,definite_description,matrix_verb,The author,The editor,subject
"The editor that you recommended changed jobs after a new merger was announced. Therefore, the [MASK] changed jobs.",editor,you,subject_extracted,indexical_pronoun,matrix_verb,You,The editor,subject
"The editor that Jen recommended changed jobs after a new merger was announced. Therefore, the [MASK] changed jobs.",editor,Jen,subject_extracted,name,matrix_verb,Jen,The editor,subject
"The editor that the author recommended changed jobs after a new merger was announced. Therefore, the [MASK] recommended the editor.",author,editor,subject_extracted,definite_description,embedded_verb,The author,The editor,distractor
"The editor that you recommended changed jobs after a new merger was announced. Therefore, [MASK] recommended the editor.",you,editor,subject_extracted,indexical_pronoun,embedded_verb,You,The editor,distractor
"The editor that Jen recommended changed jobs after a new merger was announced. Therefore, [MASK] recommended the editor.",Jen,editor,subject_extracted,name,embedded_verb,Jen,The editor,distractor
"The editor that recommended the author changed jobs after a new merger was announced. Therefore, the [MASK] changed jobs.",editor,author,object_extracted,definite_description,matrix_verb,The author,The editor,subject
"The editor that recommended you changed jobs after a new merger was announced. Therefore, the [MASK] changed jobs.",editor,you,object_extracted,indexical_pronoun,matrix_verb,You,The editor,subject
"The editor that recommended Jen changed jobs after a new merger was announced. Therefore, the [MASK] changed jobs.",editor,Jen,object_extracted,name,matrix_verb,Jen,The editor,subject
"The editor that recommended the author changed jobs after a new merger was announced. Therefore, the [MASK] recommended the author.",editor,author,object_extracted,definite_description,embedded_verb,The author,The editor,subject
"The editor that recommended you changed jobs after a new merger was announced. Therefore, the [MASK] recommended you.",editor,you,object_extracted,indexical_pronoun,embedded_verb,You,The editor,subject
"The editor that recommended Jen changed jobs after a new merger was announced. Therefore, the [MASK] recommended Jen.",editor,Jen,object_extracted,name,embedded_verb,Jen,The editor,subject
"The tailor that the customer described worked in a small building near the bus station. Therefore, the [MASK] worked in a small building.",tailor,customer,subject_extracted,definite_description,matrix_verb,The customer,The tailor,subject
"The tailor that you described worked in a small building near the bus station. Therefore, the [MASK] worked in a small building.",tailor,you,subject_extracted,indexical_pronoun,matrix_verb,You,The tailor,subject
"The tailor that Pam described worked in a small building near the bus station. Therefore, the [MASK] worked in a small building.",tailor,Pam,subject_extracted,name,matrix_verb,Pam,The tailor,subject
"The tailor that the customer described worked in a small building near the bus station. Therefore, the [MASK] described the tailor.",customer,tailor,subject_extracted,definite_description,embedded_verb,The customer,The tailor,distractor
"The tailor that you described worked in a small building near the bus station. Therefore, [MASK] described the tailor.",you,tailor,subject_extracted,indexical_pronoun,embedded_verb,You,The tailor,distractor
"The tailor that Pam described worked in a small building near the bus station. Therefore, [MASK] described the tailor.",Pam,tailor,subject_extracted,name,embedded_verb,Pam,The tailor,distractor
"The tailor that described the customer worked in a small building near the bus station. Therefore, the [MASK] worked in a small building.",tailor,customer,object_extracted,definite_description,matrix_verb,The customer,The tailor,subject
"The tailor that described you worked in a small building near the bus station. Therefore, the [MASK] worked in a small building.",tailor,you,object_extracted,indexical_pronoun,matrix_verb,You,The tailor,subject
"The tailor that described Pam worked in a small building near the bus station. Therefore, the [MASK] worked in a small building.",tailor,Pam,object_extracted,name,matrix_verb,Pam,The tailor,subject
"The tailor that described the customer worked in a small building near the bus station. Therefore, the [MASK] described the customer.",tailor,customer,object_extracted,definite_description,embedded_verb,The customer,The tailor,subject
"The tailor that described you worked in a small building near the bus station. Therefore, the [MASK] described you.",tailor,you,object_extracted,indexical_pronoun,embedded_verb,You,The tailor,subject
"The tailor that described Pam worked in a small building near the bus station. Therefore, the [MASK] described Pam.",tailor,Pam,object_extracted,name,embedded_verb,Pam,The tailor,subject
"The admiral that the general advised reminisced nostalgically before the trip got underway. Therefore, the [MASK] reminisced nostalgically.",admiral,general,subject_extracted,definite_description,matrix_verb,The general,The admiral,subject
"The admiral that you advised reminisced nostalgically before the trip got underway. Therefore, the [MASK] reminisced nostalgically.",admiral,you,subject_extracted,indexical_pronoun,matrix_verb,You,The admiral,subject
"The admiral that Jim advised reminisced nostalgically before the trip got underway. Therefore, the [MASK] reminisced nostalgically.",admiral,Jim,subject_extracted,name,matrix_verb,Jim,The admiral,subject
"The admiral that the general advised reminisced nostalgically before the trip got underway. Therefore, the [MASK] advised the admiral.",general,admiral,subject_extracted,definite_description,embedded_verb,The general,The admiral,distractor
"The admiral that you advised reminisced nostalgically before the trip got underway. Therefore, [MASK] advised the admiral.",you,admiral,subject_extracted,indexical_pronoun,embedded_verb,You,The admiral,distractor
"The admiral that Jim advised reminisced nostalgically before the trip got underway. Therefore, [MASK] advised the admiral.",Jim,admiral,subject_extracted,name,embedded_verb,Jim,The admiral,distractor
"The admiral that advised the general reminisced nostalgically before the trip got underway. Therefore, the [MASK] reminisced nostalgically.",admiral,general,object_extracted,definite_description,matrix_verb,The general,The admiral,subject
"The admiral that advised you reminisced nostalgically before the trip got underway. Therefore, the [MASK] reminisced nostalgically.",admiral,you,object_extracted,indexical_pronoun,matrix_verb,You,The admiral,subject
"The admiral that advised Jim reminisced nostalgically before the trip got underway. Therefore, the [MASK] reminisced nostalgically.",admiral,Jim,object_extracted,name,matrix_verb,Jim,The admiral,subject
"The admiral that advised the general reminisced nostalgically before the trip got underway. Therefore, the [MASK] advised the general.",admiral,general,object_extracted,definite_description,embedded_verb,The general,The admiral,subject
"The admiral that advised you reminisced nostalgically before the trip got underway. Therefore, the [MASK] advised you.",admiral,you,object_extracted,indexical_pronoun,embedded_verb,You,The admiral,subject
"The admiral that advised Jim reminisced nostalgically before the trip got underway. Therefore, the [MASK] advised Jim.",admiral,Jim,object_extracted,name,embedded_verb,Jim,The admiral,subject
"The coach that the referee criticized talked publicly about the incident after the game. Therefore, the [MASK] talked publicly about the incident.",coach,referee,subject_extracted,definite_description,matrix_verb,The referee,The coach,subject
"The coach that you criticized talked publicly about the incident after the game. Therefore, the [MASK] talked publicly about the incident.",coach,you,subject_extracted,indexical_pronoun,matrix_verb,You,The coach,subject
"The coach that Eve criticized talked publicly about the incident after the game. Therefore, the [MASK] talked publicly about the incident.",coach,Eve,subject_extracted,name,matrix_verb,Eve,The coach,subject
"The coach that the referee criticized talked publicly about the incident after the game. Therefore, the [MASK] criticized the coach.",referee,coach,subject_extracted,definite_description,embedded_verb,The referee,The coach,distractor
"The coach that you criticized talked publicly about the incident after the game. Therefore, [MASK] criticized the coach.",you,coach,subject_extracted,indexical_pronoun,embedded_verb,You,The coach,distractor
"The coach that Eve criticized talked publicly about the incident after the game. Therefore, [MASK] criticized the coach.",Eve,coach,subject_extracted,name,embedded_verb,Eve,The coach,distractor
"The coach that criticized the referee talked publicly about the incident after the game. Therefore, the [MASK] talked publicly about the incident.",coach,referee,object_extracted,definite_description,matrix_verb,The referee,The coach,subject
"The coach that criticized you talked publicly about the incident after the game. Therefore, the [MASK] talked publicly about the incident.",coach,you,object_extracted,indexical_pronoun,matrix_verb,You,The coach,subject
"The coach that criticized Eve talked publicly about the incident after the game. Therefore, the [MASK] talked publicly about the incident.",coach,Eve,object_extracted,name,matrix_verb,Eve,The coach,subject
"The coach that criticized the referee talked publicly about the incident after the game. Therefore, the [MASK] criticized the referee.",coach,referee,object_extracted,definite_description,embedded_verb,The referee,The coach,subject
"The coach that criticized you talked publicly about the incident after the game. Therefore, the [MASK] criticized you.",coach,you,object_extracted,indexical_pronoun,embedded_verb,You,The coach,subject
"The coach that criticized Eve talked publicly about the incident after the game. Therefore, the [MASK] criticized Eve.",coach,Eve,object_extracted,name,embedded_verb,Eve,The coach,subject
"The lawyer that the client interviewed had a very small office. Therefore, the [MASK] had a small office.",lawyer,client,subject_extracted,definite_description,matrix_verb,The client,The lawyer,subject
"The lawyer that you interviewed had a very small office. Therefore, the [MASK] had a small office.",lawyer,you,subject_extracted,indexical_pronoun,matrix_verb,You,The lawyer,subject
"The lawyer that Ken interviewed had a very small office. Therefore, the [MASK] had a small office.",lawyer,Ken,subject_extracted,name,matrix_verb,Ken,The lawyer,subject
"The lawyer that the client interviewed had a very small office. Therefore, the [MASK] interviewed the lawyer.",client,lawyer,subject_extracted,definite_description,embedded_verb,The client,The lawyer,distractor
"The lawyer that you interviewed had a very small office. Therefore, [MASK] interviewed the lawyer.",you,lawyer,subject_extracted,indexical_pronoun,embedded_verb,You,The lawyer,distractor
"The lawyer that Ken interviewed had a very small office. Therefore, [MASK] interviewed the lawyer.",Ken,lawyer,subject_extracted,name,embedded_verb,Ken,The lawyer,distractor
"The lawyer that interviewed the client had a very small office. Therefore, the [MASK] had a small office.",lawyer,client,object_extracted,definite_description,matrix_verb,The client,The lawyer,subject
"The lawyer that interviewed you had a very small office. Therefore, the [MASK] had a small office.",lawyer,you,object_extracted,indexical_pronoun,matrix_verb,You,The lawyer,subject
"The lawyer that interviewed Ken had a very small office. Therefore, the [MASK] had a small office.",lawyer,Ken,object_extracted,name,matrix_verb,Ken,The lawyer,subject
"The lawyer that interviewed the client had a very small office. Therefore, the [MASK] interviewed the client.",lawyer,client,object_extracted,definite_description,embedded_verb,The client,The lawyer,subject
"The lawyer that interviewed you had a very small office. Therefore, the [MASK] interviewed you.",lawyer,you,object_extracted,indexical_pronoun,embedded_verb,You,The lawyer,subject
"The lawyer that interviewed Ken had a very small office. Therefore, the [MASK] interviewed Ken.",lawyer,Ken,object_extracted,name,embedded_verb,Ken,The lawyer,subject
"The plumber that the electrician called drove a grey truck. Therefore, the [MASK] drove a grey truck.",plumber,electrician,subject_extracted,definite_description,matrix_verb,The electrician,The plumber,subject
"The plumber that you called drove a grey truck. Therefore, the [MASK] drove a grey truck.",plumber,you,subject_extracted,indexical_pronoun,matrix_verb,You,The plumber,subject
"The plumber that Joy called drove a grey truck. Therefore, the [MASK] drove a grey truck.",plumber,Joy,subject_extracted,name,matrix_verb,Joy,The plumber,subject
"The plumber that the electrician called drove a grey truck. Therefore, the [MASK] called the plumber.",electrician,plumber,subject_extracted,definite_description,embedded_verb,The electrician,The plumber,distractor
"The plumber that you called drove a grey truck. Therefore, [MASK] called the plumber.",you,plumber,subject_extracted,indexical_pronoun,embedded_verb,You,The plumber,distractor
"The plumber that Joy called drove a grey truck. Therefore, [MASK] called the plumber.",Joy,plumber,subject_extracted,name,embedded_verb,Joy,The plumber,distractor
"The plumber that called the electrician drove a grey truck. Therefore, the [MASK] drove a grey truck.",plumber,electrician,object_extracted,definite_description,matrix_verb,The electrician,The plumber,subject
"The plumber that called you drove a grey truck. Therefore, the [MASK] drove a grey truck.",plumber,you,object_extracted,indexical_pronoun,matrix_verb,You,The plumber,subject
"The plumber that called Joy drove a grey truck. Therefore, the [MASK] drove a grey truck.",plumber,Joy,object_extracted,name,matrix_verb,Joy,The plumber,subject
"The plumber that called the electrician drove a grey truck. Therefore, the [MASK] called the electrician.",plumber,electrician,object_extracted,definite_description,embedded_verb,The electrician,The plumber,subject
"The plumber that called you drove a grey truck. Therefore, the [MASK] called you.",plumber,you,object_extracted,indexical_pronoun,embedded_verb,You,The plumber,subject
"The plumber that called Joy drove a grey truck. Therefore, the [MASK] called Joy.",plumber,Joy,object_extracted,name,embedded_verb,Joy,The plumber,subject
"The salesman that the accountant contacted spoke very quickly. Therefore, the [MASK] spoke very quickly.",salesman,accountant,subject_extracted,definite_description,matrix_verb,The accountant,The salesman,subject
"The salesman that you contacted spoke very quickly. Therefore, the [MASK] spoke very quickly.",salesman,you,subject_extracted,indexical_pronoun,matrix_verb,You,The salesman,subject
"The salesman that Jon contacted spoke very quickly. Therefore, the [MASK] spoke very quickly.",salesman,Jon,subject_extracted,name,matrix_verb,Jon,The salesman,subject
"The salesman that the accountant contacted spoke very quickly. Therefore, the [MASK] contacted the salesman.",accountant,salesman,subject_extracted,definite_description,embedded_verb,The accountant,The salesman,distractor
"The salesman that you contacted spoke very quickly. Therefore, [MASK] contacted the salesman.",you,salesman,subject_extracted,indexical_pronoun,embedded_verb,You,The salesman,distractor
"The salesman that Jon contacted spoke very quickly. Therefore, [MASK] contacted the salesman.",Jon,salesman,subject_extracted,name,embedded_verb,Jon,The salesman,distractor
"The salesman that contacted the accountant spoke very quickly. Therefore, the [MASK] spoke very quickly.",salesman,accountant,object_extracted,definite_description,matrix_verb,The accountant,The salesman,subject
"The salesman that contacted you spoke very quickly. Therefore, the [MASK] spoke very quickly.",salesman,you,object_extracted,indexical_pronoun,matrix_verb,You,The salesman,subject
"The salesman that contacted Jon spoke very quickly. Therefore, the [MASK] spoke very quickly.",salesman,Jon,object_extracted,name,matrix_verb,Jon,The salesman,subject
"The salesman that contacted the accountant spoke very quickly. Therefore, the [MASK] contacted the accountant.",salesman,accountant,object_extracted,definite_description,embedded_verb,The accountant,The salesman,subject
"The salesman that contacted you spoke very quickly. Therefore, the [MASK] contacted you.",salesman,you,object_extracted,indexical_pronoun,embedded_verb,You,The salesman,subject
"The salesman that contacted Jon spoke very quickly. Therefore, the [MASK] contacted Jon.",salesman,Jon,object_extracted,name,embedded_verb,Jon,The salesman,subject
"The clown that the magician entertained was a star. Therefore, the [MASK] was a star.",clown,magician,subject_extracted,definite_description,matrix_verb,The magician,The clown,subject
"The clown that you entertained was a star. Therefore, the [MASK] was a star.",clown,you,subject_extracted,indexical_pronoun,matrix_verb,You,The clown,subject
"The clown that Meg entertained was a star. Therefore, the [MASK] was a star.",clown,Meg,subject_extracted,name,matrix_verb,Meg,The clown,subject
"The clown that the magician entertained was a star. Therefore, the [MASK] entertained the clown.",magician,clown,subject_extracted,definite_description,embedded_verb,The magician,The clown,distractor
"The clown that you entertained was a star. Therefore, [MASK] entertained the clown.",you,clown,subject_extracted,indexical_pronoun,embedded_verb,You,The clown,distractor
"The clown that Meg entertained was a star. Therefore, [MASK] entertained the clown.",Meg,clown,subject_extracted,name,embedded_verb,Meg,The clown,distractor
"The clown that entertained the magician was a star. Therefore, the [MASK] was a star.",clown,magician,object_extracted,definite_description,matrix_verb,The magician,The clown,subject
"The clown that entertained you was a star. Therefore, the [MASK] was a star.",clown,you,object_extracted,indexical_pronoun,matrix_verb,You,The clown,subject
"The clown that entertained Meg was a star. Therefore, the [MASK] was a star.",clown,Meg,object_extracted,name,matrix_verb,Meg,The clown,subject
"The clown that entertained the magician was a star. Therefore, the [MASK] entertained the magician.",clown,magician,object_extracted,definite_description,embedded_verb,The magician,The clown,subject
"The clown that entertained you was a star. Therefore, the [MASK] entertained you.",clown,you,object_extracted,indexical_pronoun,embedded_verb,You,The clown,subject
"The clown that entertained Meg was a star. Therefore, the [MASK] entertained Meg.",clown,Meg,object_extracted,name,embedded_verb,Meg,The clown,subject
"The clerk that the traveler helped worked in a large foreign bank. Therefore, the [MASK] worked in a large foreign bank.",clerk,traveler,subject_extracted,definite_description,matrix_verb,The traveler,The clerk,subject
"The clerk that you helped worked in a large foreign bank. Therefore, the [MASK] worked in a large foreign bank.",clerk,you,subject_extracted,indexical_pronoun,matrix_verb,You,The clerk,subject
"The clerk that Lou helped worked in a large foreign bank. Therefore, the [MASK] worked in a large foreign bank.",clerk,Lou,subject_extracted,name,matrix_verb,Lou,The clerk,subject
"The clerk that the traveler helped worked in a large foreign bank. Therefore, the [MASK] helped the clerk.",traveler,clerk,subject_extracted,definite_description,embedded_verb,The traveler,The clerk,distractor
"The clerk that you helped worked in a large foreign bank. Therefore, [MASK] helped the clerk.",you,clerk,subject_extracted,indexical_pronoun,embedded_verb,You,The clerk,distractor
"The clerk that Lou helped worked in a large foreign bank. Therefore, [MASK] helped the clerk.",Lou,clerk,subject_extracted,name,embedded_verb,Lou,The clerk,distractor
"The clerk that helped the traveler worked in a large foreign bank. Therefore, the [MASK] worked in a large foreign bank.",clerk,traveler,object_extracted,definite_description,matrix_verb,The traveler,The clerk,subject
"The clerk that helped you worked in a large foreign bank. Therefore, the [MASK] worked in a large foreign bank.",clerk,you,object_extracted,indexical_pronoun,matrix_verb,You,The clerk,subject
"The clerk that helped Lou worked in a large foreign bank. Therefore, the [MASK] worked in a large foreign bank.",clerk,Lou,object_extracted,name,matrix_verb,Lou,The clerk,subject
"The clerk that helped the traveler worked in a large foreign bank. Therefore, the [MASK] helped the traveler.",clerk,traveler,object_extracted,definite_description,embedded_verb,The traveler,The clerk,subject
"The clerk that helped you worked in a large foreign bank. Therefore, the [MASK] helped you.",clerk,you,object_extracted,indexical_pronoun,embedded_verb,You,The clerk,subject
"The clerk that helped Lou worked in a large foreign bank. Therefore, the [MASK] helped Lou.",clerk,Lou,object_extracted,name,embedded_verb,Lou,The clerk,subject
"The gardener that the homeowner envied was very friendly. Therefore, the [MASK] was very friendly.",gardener,homeowner,subject_extracted,definite_description,matrix_verb,The homeowner,The gardener,subject
"The gardener that you envied was very friendly. Therefore, the [MASK] was very friendly.",gardener,you,subject_extracted,indexical_pronoun,matrix_verb,You,The gardener,subject
"The gardener that Liz envied was very friendly. Therefore, the [MASK] was very friendly.",gardener,Liz,subject_extracted,name,matrix_verb,Liz,The gardener,subject
"The gardener that the homeowner envied was very friendly. Therefore, the [MASK] envied the gardener.",homeowner,gardener,subject_extracted,definite_description,embedded_verb,The homeowner,The gardener,distractor
"The gardener that you envied was very friendly. Therefore, [MASK] envied the gardener.",you,gardener,subject_extracted,indexical_pronoun,embedded_verb,You,The gardener,distractor
"The gardener that Liz envied was very friendly. Therefore, [MASK] envied the gardener.",Liz,gardener,subject_extracted,name,embedded_verb,Liz,The gardener,distractor
"The gardener that envied the homeowner was very friendly. Therefore, the [MASK] was very friendly.",gardener,homeowner,object_extracted,definite_description,matrix_verb,The homeowner,The gardener,subject
"The gardener that envied you was very friendly. Therefore, the [MASK] was very friendly.",gardener,you,object_extracted,indexical_pronoun,matrix_verb,You,The gardener,subject
"The gardener that envied Liz was very friendly. Therefore, the [MASK] was very friendly.",gardener,Liz,object_extracted,name,matrix_verb,Liz,The gardener,subject
"The gardener that envied the homeowner was very friendly. Therefore, the [MASK] envied the homeowner.",gardener,homeowner,object_extracted,definite_description,embedded_verb,The homeowner,The gardener,subject
"The gardener that envied you was very friendly. Therefore, the [MASK] envied you.",gardener,you,object_extracted,indexical_pronoun,embedded_verb,You,The gardener,subject
"The gardener that envied Liz was very friendly. Therefore, the [MASK] envied Liz.",gardener,Liz,object_extracted,name,embedded_verb,Liz,The gardener,subject
